 ,Area,Mean,X,Y
1,146,71.4,1015.2,7.8
2,182,1.6,362.9,11.0
3,201,2.0,405.4,11.4
4,166,49.5,1138.4,11.5
5,192,1.4,330.0,12.0
6,3,2.0,1176.2,5.8
7,131,1.9,1206.4,11.3
8,121,2.0,1188.6,14.2
9,101,2.0,732.9,15.6
10,40,21.5,602.1,12.3
11,202,1.7,859.9,18.3
12,102,1.9,759.5,15.6
13,17,73.7,580.4,12.9
14,152,2.4,665.7,18.9
15,101,2.0,749.8,17.1
16,121,1.9,1301.1,20.6
17,151,1.9,642.9,18.6
18,44,1.5,808.1,15.9
19,239,1.3,248.3,22.7
20,37,2.1,1042.8,20.0
21,41,2.0,1049.4,18.8
22,118,2.0,1218.8,22.6
23,170,1.6,433.5,23.3
24,29,1.8,447.4,19.5
25,60,2.0,620.7,20.3
26,149,1.8,682.5,24.5
27,146,1.9,1065.1,23.5
28,198,1.4,267.8,23.3
29,180,1.8,374.2,23.8
30,27,68.0,581.4,20.1
31,131,2.2,1233.1,26.1
32,206,1.8,419.3,28.3
33,166,2.0,745.7,27.3
34,113,18.3,1106.9,25.2
35,70,54.3,1139.1,25.7
36,102,6.0,565.2,25.8
37,79,1.2,30.0,26.5
38,228,1.3,227.0,27.7
39,225,1.4,152.7,28.9
40,79,1.7,536.6,27.8
41,185,1.8,765.1,30.2
42,121,1.9,1082.3,27.5
43,32,85.5,1024.7,27.6
44,130,1.8,1265.2,33.7
45,38,1.7,483.9,28.9
46,73,2.3,589.9,29.5
47,184,2.3,702.4,34.7
48,235,1.6,309.3,36.0
49,21,1.8,498.4,28.3
50,23,1.5,57.9,30.2
51,74,1.7,801.7,32.3
52,114,2.5,1194.9,32.2
53,246,2.1,994.4,34.5
54,66,104.4,1160.9,32.7
55,126,2.0,602.8,38.5
56,184,1.5,295.0,39.4
57,87,2.9,1239.0,35.9
58,125,2.0,404.8,40.1
59,175,1.7,825.0,41.0
60,221,2.0,1080.6,41.8
61,13,1.8,484.5,36.5
62,116,2.0,680.9,41.6
63,47,1.7,1303.8,38.7
64,144,2.0,383.6,44.0
65,58,127.9,722.9,40.2
66,208,1.5,899.8,44.4
67,2,80.0,1029.5,36.0
68,206,2.4,1216.9,44.3
69,65,1.8,563.0,41.9
70,76,1.9,574.1,41.6
71,21,1.8,792.2,39.4
72,3,2.0,1061.2,36.8
73,79,1.7,458.1,42.1
74,127,2.4,1230.3,44.8
75,161,1.4,109.1,46.1
76,219,1.4,188.7,47.6
77,85,2.0,430.4,45.1
78,148,1.9,624.9,43.3
79,11,1.7,873.5,39.5
80,20,1.6,946.6,41.1
81,210,3.6,356.3,44.8
82,1,2.0,943.5,39.5
83,142,1.6,866.7,47.3
84,8,1.8,939.9,41.6
85,58,1.9,1053.9,42.7
86,114,6.2,1123.0,46.3
87,95,12.4,1145.8,45.6
88,178,2.0,420.0,51.7
89,85,2.3,446.7,49.4
90,240,2.1,993.7,56.3
91,131,2.1,756.0,52.8
92,9,1.8,1297.2,45.6
93,40,11.5,1137.3,49.7
94,72,1.8,1280.3,50.7
95,154,26.0,67.4,54.5
96,175,1.5,254.9,53.3
97,129,2.0,635.2,54.2
98,180,2.0,680.7,56.0
99,11,1.5,934.1,49.4
100,217,14.0,1038.1,57.2
101,116,1.9,1069.8,54.0
102,129,2.2,1082.0,55.1
103,139,8.5,1188.1,54.3
104,176,4.0,499.5,57.8
105,46,2.0,1258.1,52.6
106,126,1.9,1322.8,57.5
107,147,2.7,1172.1,59.0
108,30,1.6,961.7,56.3
109,203,1.8,649.6,62.6
110,52,1.7,466.4,57.3
111,218,51.0,1112.1,62.9
112,10,1.8,1272.5,55.7
113,147,2.0,383.1,62.3
114,10,1.9,523.2,56.9
115,3,1.7,601.2,55.8
116,32,2.6,731.5,58.8
117,88,1.9,328.0,61.8
118,69,1.9,434.8,62.1
119,156,1.9,485.3,62.5
120,194,5.6,713.1,65.7
121,179,1.7,794.6,65.2
122,165,1.7,966.8,65.4
123,143,2.1,1059.1,63.7
124,56,2.1,1258.9,60.1
125,192,55.9,142.6,66.2
126,25,94.6,355.5,62.0
127,23,1.7,774.5,58.9
128,19,1.8,562.1,60.0
129,28,1.7,615.0,60.9
130,239,1.6,825.2,67.7
131,9,7.6,1195.2,59.8
132,121,2.3,1229.4,64.5
133,108,2.4,1244.2,64.2
134,52,1.6,779.7,64.5
135,126,1.8,1304.3,66.9
136,14,1.6,575.2,63.0
137,186,2.1,690.6,68.7
138,148,1.5,882.0,68.9
139,63,1.9,449.2,67.8
140,196,1.5,292.3,69.2
141,72,1.8,5.2,70.2
142,211,1.8,170.5,72.2
143,187,1.6,854.1,73.1
144,198,1.8,322.4,75.2
145,195,1.9,394.4,73.5
146,231,3.5,1121.8,75.9
147,7,1.9,581.2,68.5
148,195,4.9,724.4,77.0
149,179,1.9,426.2,78.2
150,91,2.3,1203.6,75.2
151,84,6.7,109.8,73.1
152,234,2.2,1000.4,77.1
153,173,2.8,1094.9,75.7
154,14,1.8,471.0,72.0
155,132,1.9,505.2,77.5
156,16,1.6,614.2,72.8
157,195,2.5,1237.1,76.9
158,109,2.6,1333.4,76.3
159,179,1.6,73.3,80.0
160,214,1.9,753.5,81.4
161,85,42.4,1152.2,77.4
162,108,2.6,1257.9,78.5
163,109,1.9,640.2,80.7
164,101,2.5,1291.6,79.8
165,11,43.7,35.1,75.4
166,115,1.9,1277.0,79.6
167,3,1.0,265.8,75.8
168,28,1.9,549.6,80.0
169,188,2.1,1103.3,85.7
170,80,1.8,55.2,81.0
171,165,1.8,380.3,85.5
172,77,2.3,491.7,83.1
173,34,1.7,930.7,80.7
174,133,3.5,1310.8,83.8
175,160,1.4,208.2,86.3
176,15,2.3,568.0,79.9
177,200,2.1,680.4,85.6
178,34,82.5,1035.4,82.4
179,13,1.6,920.7,81.9
180,56,2.1,348.0,85.4
181,136,1.7,401.1,89.4
182,26,3.2,1170.2,85.2
183,3,2.7,1178.2,82.8
184,43,2.3,1188.7,85.9
185,137,1.8,654.4,90.7
186,11,43.6,1148.9,84.6
187,90,1.9,479.3,89.2
188,97,151.7,704.3,89.8
189,81,2.2,500.6,92.8
190,230,1.7,809.2,95.1
191,159,2.3,534.5,92.1
192,235,1.7,770.0,93.5
193,104,2.6,1263.2,93.5
194,222,9.3,1303.3,98.9
195,168,4.6,1054.4,93.4
196,106,2.2,1283.7,94.2
197,70,1.9,345.3,95.8
198,2,2.5,1185.0,90.0
199,112,1.7,1419.4,96.1
200,171,1.6,251.5,101.1
201,74,2.1,517.3,97.4
202,38,81.7,1037.9,95.1
203,5,2.8,1174.9,92.7
204,292,8.6,1321.2,100.3
205,187,1.9,670.7,99.5
206,98,14.3,1129.7,97.4
207,216,1.9,104.7,102.2
208,103,1.7,285.5,99.4
209,28,1.8,566.6,96.6
210,98,2.4,1210.4,99.1
211,36,1.9,573.8,96.6
212,18,1.6,619.3,96.2
213,205,1.8,749.6,103.0
214,230,2.0,1099.9,102.5
215,87,1.6,216.9,99.8
216,72,1.9,584.3,101.1
217,3,2.0,423.2,98.2
218,73,1.8,608.1,102.5
219,203,1.9,655.7,106.5
220,195,1.5,835.0,107.8
221,68,1.5,52.2,103.5
222,212,1.7,460.0,110.2
223,61,1.7,626.2,103.4
224,100,1.4,68.8,104.9
225,65,1.8,310.4,104.2
226,215,2.2,492.8,107.1
227,173,1.8,526.6,106.6
228,172,2.9,1239.4,107.4
229,67,2.6,1256.3,109.8
230,119,1.7,405.8,108.6
231,82,1.8,963.7,105.5
232,108,2.9,1048.3,108.6
233,68,2.0,1057.2,105.6
234,5,2.6,1251.9,102.3
235,166,1.9,380.7,108.4
236,139,1.9,725.2,110.1
237,119,3.4,986.1,109.0
238,94,2.1,1275.3,106.9
239,26,38.2,125.7,108.8
240,154,1.9,271.9,113.1
241,248,1.7,799.8,115.2
242,104,2.5,1167.1,110.3
243,161,2.0,330.6,111.7
244,187,1.8,632.9,114.3
245,283,3.1,1226.1,115.9
246,100,1.6,86.0,114.5
247,82,1.9,509.8,113.7
248,51,1.6,238.4,113.1
249,61,2.0,690.9,113.6
250,41,2.0,707.7,113.2
251,194,2.4,148.5,116.8
252,245,2.1,1091.9,120.7
253,97,2.6,1264.9,115.8
254,210,2.1,1301.1,120.3
255,83,1.5,65.4,116.2
256,109,1.8,224.7,115.8
257,186,2.4,294.7,119.9
258,159,1.9,666.6,120.6
259,113,1.8,739.7,121.6
260,34,2.1,616.9,119.2
261,255,2.1,1018.9,124.4
262,185,2.0,1156.3,123.6
263,189,2.1,718.5,125.9
264,242,1.6,815.4,124.7
265,105,2.8,1215.1,123.5
266,122,1.7,1394.3,125.8
267,23,1.8,588.7,121.6
268,105,1.9,605.7,123.3
269,8,80.8,978.4,119.4
270,101,1.7,1402.1,128.7
271,214,2.2,109.7,127.6
272,6,1.5,557.0,120.5
273,201,1.9,691.5,127.4
274,112,2.0,403.9,126.5
275,36,1.9,539.3,123.1
276,5,2.4,956.7,120.9
277,103,2.5,1173.6,124.3
278,47,2.2,1278.5,125.8
279,98,2.7,1199.3,126.9
280,6,76.3,974.7,123.7
281,41,1.3,40.5,126.8
282,98,2.0,90.8,128.6
283,12,2.3,963.5,125.0
284,214,3.1,1237.3,132.3
285,10,2.0,1286.0,124.7
286,120,1.7,771.5,132.3
287,56,1.7,233.5,129.2
288,153,26.6,428.9,134.1
289,76,1.4,9.9,130.3
290,139,6.1,340.6,135.0
291,150,2.1,361.1,131.4
292,36,1.8,529.2,131.1
293,79,1.6,78.2,131.2
294,130,2.0,620.6,135.5
295,8,1.5,777.4,128.6
296,163,2.0,1142.0,135.1
297,3,1.0,178.2,128.8
298,174,4.0,269.9,136.0
299,127,1.6,933.1,134.5
300,19,25.4,1266.0,130.6
301,26,86.9,980.0,131.9
302,192,2.1,1167.5,137.0
303,88,2.6,450.1,136.7
304,51,26.5,1269.6,136.5
305,93,1.5,33.1,137.7
306,151,1.9,252.5,137.7
307,122,2.7,1227.9,139.7
308,238,1.5,95.9,140.7
309,207,1.6,119.9,143.3
310,9,1.7,567.9,134.2
311,194,3.8,654.5,141.9
312,9,1.9,1013.8,134.6
313,246,1.7,800.7,142.6
314,23,2.1,1009.0,137.8
315,172,78.1,299.5,142.6
316,93,2.3,1188.0,142.1
317,160,2.0,630.6,146.6
318,122,1.8,1015.7,147.3
319,485,2.0,1072.2,147.2
320,101,2.4,1203.4,144.5
321,101,3.2,1280.2,145.7
322,28,1.4,58.6,143.0
323,60,1.7,739.7,144.7
324,101,2.2,976.3,145.7
325,17,1.9,1156.0,143.9
326,134,1.9,391.1,149.3
327,155,2.3,705.6,151.7
328,141,88.1,667.0,151.0
329,95,33.9,1103.0,148.1
330,388,1.8,140.7,156.3
331,135,2.2,370.7,149.7
332,168,2.4,416.7,154.5
333,107,163.2,439.3,149.7
334,79,1.9,1306.3,150.4
335,2,2.0,63.0,146.5
336,134,1.5,186.0,151.2
337,27,2.0,1150.7,148.3
338,41,1.7,244.8,154.7
339,201,5.5,300.7,157.5
340,182,2.0,988.7,159.3
341,234,2.3,1233.6,156.2
342,110,3.4,1272.9,155.4
343,46,100.2,340.5,155.7
344,24,1.8,516.7,154.6
345,194,2.1,616.3,158.5
346,173,2.9,318.4,158.1
347,2,3.0,552.5,153.0
348,57,1.5,44.5,156.3
349,15,1.4,200.0,155.4
350,150,2.2,596.9,159.7
351,73,1.7,105.5,158.1
352,108,3.1,688.3,162.6
353,1,1.0,741.5,154.5
354,51,1.5,796.8,158.3
355,118,1.7,1026.2,161.6
356,96,1.5,17.8,159.6
357,207,1.6,173.1,163.7
358,204,2.3,1192.9,164.5
359,206,1.8,724.7,165.0
360,67,1.6,949.0,162.2
361,1,2.0,948.5,157.5
362,97,2.7,1311.3,163.3
363,56,1.6,73.7,161.2
364,118,1.8,1055.2,164.8
365,108,2.0,1205.6,166.0
366,13,1.6,392.0,161.1
367,172,2.0,490.9,168.1
368,439,2.5,1084.6,171.5
369,3,1.3,523.8,160.8
370,173,29.6,648.7,166.6
371,22,1.8,736.0,162.6
372,106,33.7,1104.9,166.7
373,65,1.8,1144.6,164.8
374,20,1.6,789.3,163.7
375,2,2.0,1153.0,161.5
376,110,3.0,1119.7,167.3
377,4,1.5,909.2,164.5
378,68,1.3,30.5,168.5
379,161,2.1,418.6,171.4
380,88,1.8,527.2,168.5
381,81,2.0,1238.4,169.0
382,38,1.8,223.2,168.7
383,281,2.0,1172.3,174.0
384,53,1.8,94.2,172.4
385,77,3.2,298.9,169.8
386,184,2.6,317.8,175.6
387,188,2.0,693.7,175.4
388,172,1.9,1131.5,173.3
389,26,1.5,910.8,169.9
390,12,1.9,189.6,170.7
391,37,5.1,453.0,171.3
392,7,1.4,117.5,172.8
393,146,2.7,677.8,178.8
394,115,2.0,1256.0,176.6
395,14,1.4,45.0,173.8
396,42,1.9,64.1,177.2
397,27,2.1,438.5,175.2
398,53,1.8,1019.4,177.2
399,67,2.8,261.0,178.1
400,105,126.9,282.4,178.4
401,5,1.4,915.7,175.1
402,59,1.8,1062.1,179.0
403,216,2.2,1197.6,181.4
404,72,1.4,79.6,182.2
405,170,2.2,592.9,181.8
406,37,3.1,305.0,180.1
407,221,1.7,748.2,183.2
408,61,1.8,555.6,182.4
409,60,1.7,786.1,183.1
410,32,15.2,977.2,183.1
411,126,1.8,1272.5,185.7
412,125,2.2,1292.4,185.5
413,103,80.0,1314.9,184.6
414,7,1.9,136.5,181.5
415,1,3.0,371.5,180.5
416,46,1.9,1116.9,183.9
417,317,1.9,1159.7,191.2
418,36,1.8,387.8,183.5
419,177,1.8,545.6,190.5
420,91,91.0,629.9,187.4
421,27,1.7,1022.9,186.1
422,36,1.5,177.5,186.6
423,29,2.3,221.9,186.1
424,38,1.9,1109.9,187.3
425,101,1.8,422.4,190.1
426,11,2.0,453.2,185.1
427,64,1.9,504.6,188.6
428,7,2.0,439.5,186.8
429,94,2.3,954.8,192.4
430,34,1.7,1059.2,187.9
431,217,2.5,1177.8,193.1
432,107,95.5,1224.2,189.2
433,72,3.1,387.3,190.9
434,164,5.8,804.3,193.1
435,20,2.4,966.1,188.8
436,42,1.6,31.6,190.4
437,28,5.2,267.5,189.2
438,194,4.3,645.0,196.2
439,184,2.1,698.0,193.2
440,38,102.9,618.2,193.0
441,5,15.2,980.1,189.3
442,170,1.3,80.1,197.7
443,173,2.1,479.3,198.2
444,123,1.7,562.3,195.6
445,149,1.7,1034.2,196.7
446,104,2.6,1205.7,198.1
447,188,1.8,722.3,198.9
448,33,2.5,966.3,195.0
449,119,1.8,1053.2,196.4
450,127,1.8,1257.3,198.3
451,158,38.3,380.3,200.2
452,10,141.6,664.5,195.3
453,13,1.2,113.5,196.1
454,38,1.3,92.1,199.3
455,94,1.7,1091.0,200.0
456,10,2.0,203.5,197.7
457,44,2.5,598.7,202.0
458,185,1.7,177.2,206.6
459,17,148.3,665.4,200.1
460,107,1.8,1103.3,205.8
461,106,2.8,1224.9,205.3
462,160,3.6,283.5,207.6
463,105,54.4,316.6,207.5
464,79,1.7,1081.1,205.3
465,127,2.1,1417.2,206.0
466,79,3.1,626.4,205.8
467,86,1.7,996.6,208.5
468,122,1.9,1286.2,206.8
469,188,2.2,557.3,210.6
470,16,138.5,667.2,204.8
471,54,2.2,262.7,206.8
472,100,1.9,1127.2,208.5
473,56,2.0,1188.1,206.7
474,31,45.8,223.2,206.6
475,83,2.2,1161.9,210.4
476,78,2.1,20.0,211.0
477,81,1.9,32.4,212.2
478,57,1.5,147.7,208.7
479,98,79.8,494.3,212.6
480,114,1.9,1256.8,211.4
481,165,2.2,471.8,212.5
482,88,1.5,49.2,212.1
483,78,1.7,64.8,213.4
484,17,1.9,241.8,208.2
485,22,1.8,1302.5,209.6
486,120,2.0,1272.0,216.0
487,98,1.8,1295.8,216.7
488,84,2.0,538.5,215.8
489,216,2.5,691.2,217.1
490,80,2.2,1145.0,216.8
491,27,2.2,1187.8,212.8
492,82,2.2,271.0,217.5
493,41,16.7,766.5,215.9
494,56,2.1,258.1,216.6
495,19,1.9,419.7,214.4
496,118,2.5,517.9,219.4
497,101,17.5,774.6,218.4
498,230,1.7,1010.7,224.7
499,33,1.9,198.8,216.2
500,137,1.9,357.5,220.0
501,170,1.9,374.3,222.4
502,52,77.8,604.7,219.9
503,92,1.9,1242.9,218.9
504,95,1.9,1223.6,221.5
505,17,1.9,230.2,217.8
506,20,1.8,991.6,218.9
507,98,1.8,42.5,223.6
508,144,1.8,1048.4,225.1
509,112,3.4,1107.6,222.9
510,130,2.1,328.8,225.6
511,107,2.0,648.9,222.8
512,199,2.7,1125.0,225.2
513,98,2.6,1174.3,225.3
514,141,1.6,92.0,227.0
515,152,2.1,670.9,225.5
516,80,1.8,59.8,224.1
517,64,4.4,303.8,227.0
518,79,2.7,319.2,227.1
519,7,1.9,526.9,221.8
520,224,1.8,742.7,229.4
521,17,1.6,1067.5,222.5
522,112,1.8,1203.4,226.9
523,55,2.3,591.8,226.2
524,29,1.8,419.1,224.7
525,127,2.5,1091.7,228.8
526,228,1.8,809.6,231.3
527,113,1.6,160.8,229.5
528,19,1.5,187.8,226.2
529,85,3.2,290.5,229.9
530,126,1.9,1428.5,230.9
531,69,12.6,24.3,230.1
532,72,2.0,429.6,231.9
533,221,1.8,723.7,232.3
534,58,6.1,615.7,230.8
535,62,1.7,1072.3,231.3
536,59,2.5,473.3,231.0
537,165,1.9,1284.8,236.1
538,70,2.1,446.1,234.6
539,75,2.5,206.8,234.0
540,76,2.1,538.5,233.8
541,56,2.2,563.5,233.2
542,220,1.7,773.8,238.6
543,115,28.6,1108.0,235.2
544,93,2.1,38.6,236.8
545,48,2.2,277.9,233.9
546,52,36.2,9.0,236.4
547,47,1.7,128.2,236.1
548,58,1.5,171.4,235.4
549,192,1.7,997.7,238.6
550,240,2.0,1158.5,239.3
551,35,1.8,69.3,236.2
552,21,101.7,486.9,235.2
553,178,1.7,1044.8,241.2
554,31,1.7,385.0,237.3
555,123,2.0,526.1,241.2
556,26,1.9,264.9,237.8
557,67,1.7,360.5,240.0
558,4,1.2,396.0,236.0
559,169,2.1,1201.7,242.9
560,150,60.4,1252.1,244.3
561,54,3.0,226.4,241.5
562,15,1.9,594.7,237.4
563,47,2.1,1130.4,239.8
564,58,2.3,1137.3,242.2
565,31,2.1,422.4,240.7
566,46,3.9,505.4,241.2
567,10,1.6,400.4,239.7
568,70,2.1,306.4,242.5
569,25,2.7,477.3,243.5
570,183,2.1,107.8,248.1
571,81,2.5,292.6,247.5
572,1,42.0,646.5,242.5
573,225,1.9,699.7,250.2
574,36,1.5,54.3,246.8
575,88,2.2,559.8,247.8
576,181,1.8,716.3,250.4
577,37,1.9,274.4,247.7
578,110,2.8,371.0,249.7
579,147,2.0,545.5,252.7
580,163,2.9,1217.6,252.0
581,2,1.0,150.0,246.5
582,76,2.1,318.8,251.2
583,20,2.0,439.9,248.2
584,25,43.0,643.7,248.9
585,51,2.0,423.6,251.0
586,149,4.2,671.1,254.2
587,138,2.0,338.6,254.5
588,81,1.9,614.2,255.0
589,186,1.7,1077.7,255.6
590,69,2.0,517.5,253.0
591,59,1.7,810.3,252.3
592,114,45.5,833.1,256.7
593,216,5.7,28.4,261.9
594,12,43.6,648.8,252.2
595,394,2.2,1294.2,262.1
596,81,2.2,492.4,257.0
597,142,1.8,1182.8,259.0
598,99,4.4,12.7,258.5
599,32,1.7,129.8,255.0
600,39,1.9,302.6,254.7
601,232,1.7,1058.7,263.4
602,219,50.2,751.1,263.2
603,106,1.9,1119.1,259.6
604,20,1.8,179.4,256.2
605,8,2.0,629.8,254.8
606,131,1.8,1149.5,261.7
607,73,2.3,252.5,259.3
608,38,104.2,237.1,260.4
609,3,2.0,623.2,257.2
610,28,2.0,814.2,258.6
611,1,2.0,389.5,257.5
612,35,2.1,49.0,261.8
613,57,2.2,522.3,262.4
614,239,2.6,67.8,269.8
615,203,2.0,1213.2,266.6
616,127,1.9,1427.5,266.2
617,4,2.2,470.0,261.0
618,123,1.9,1104.2,265.7
619,59,1.9,356.1,264.7
620,66,1.7,160.3,268.5
621,193,1.9,695.7,270.6
622,29,1.6,142.2,266.6
623,4,2.0,281.0,264.0
624,164,2.0,406.1,268.6
625,62,2.0,495.7,266.4
626,148,1.8,569.7,268.0
627,75,123.9,90.8,268.5
628,43,5.9,429.8,267.5
629,40,1.7,1159.8,267.7
630,171,2.1,342.0,274.2
631,81,1.7,1023.2,271.2
632,151,1.8,1188.9,273.1
633,54,2.4,298.4,269.2
634,164,1.7,1013.0,274.9
635,41,2.0,264.6,275.5
636,132,53.1,8.0,277.1
637,208,1.7,709.2,278.3
638,135,2.1,1242.9,276.6
639,122,8.1,239.1,276.8
640,122,2.0,1116.3,277.7
641,60,1.9,1167.9,274.4
642,71,2.8,21.9,276.4
643,144,1.9,53.9,278.2
644,69,2.3,388.2,275.3
645,96,1.9,493.2,275.1
646,226,1.9,546.8,279.1
647,2,2.0,792.0,272.5
648,68,1.9,36.7,279.4
649,21,4.6,467.3,275.9
650,30,1.8,581.6,278.5
651,182,1.7,666.4,282.2
652,9,1.8,793.6,276.4
653,3,2.0,784.8,276.2
654,170,1.9,1150.9,282.4
655,55,2.0,357.8,278.8
656,120,1.8,528.4,283.8
657,51,1.8,135.0,282.2
658,52,3.2,466.4,282.8
659,93,1.7,639.9,283.3
660,88,1.7,827.1,284.2
661,597,1.9,1292.9,294.4
662,123,2.0,196.3,286.5
663,13,1.9,263.8,282.8
664,170,2.5,448.3,290.5
665,268,1.8,1083.5,288.6
666,94,1.8,1197.3,285.5
667,332,2.0,1223.0,289.9
668,221,1.9,24.9,290.2
669,39,1.7,176.2,285.0
670,72,2.2,374.3,286.7
671,119,2.0,405.4,287.1
672,96,2.1,250.0,288.3
673,66,1.8,154.7,289.5
674,64,2.0,225.2,287.9
675,90,67.7,771.7,290.9
676,113,1.9,1251.1,290.5
677,299,1.9,1167.6,298.8
678,38,2.1,310.9,292.6
679,141,4.0,421.5,297.3
680,90,40.2,1117.8,294.4
681,75,1.7,172.3,293.0
682,21,1.8,60.4,293.4
683,26,2.0,353.5,294.5
684,184,2.1,389.7,300.5
685,114,2.1,497.0,298.1
686,92,1.7,571.0,297.2
687,56,1.8,115.5,298.9
688,126,2.1,476.5,299.9
689,140,2.9,629.0,299.8
690,100,1.8,671.3,299.7
691,208,2.7,294.2,302.9
692,48,1.7,1049.5,298.3
693,16,60.9,615.8,298.3
694,233,2.0,738.2,303.0
695,13,41.0,1126.0,297.3
696,107,1.7,45.8,301.8
697,14,1.7,80.0,300.2
698,55,1.6,134.0,302.8
699,50,2.0,237.0,302.8
700,210,1.8,1056.9,307.4
701,69,2.3,249.3,305.1
702,206,1.9,456.2,308.4
703,94,2.0,211.4,305.1
704,44,1.9,371.2,303.3
705,82,1.6,187.6,306.9
706,1,2.0,356.5,301.5
707,254,1.6,691.8,308.4
708,112,1.9,755.4,306.6
709,88,1.9,1148.5,306.6
710,25,8.9,269.5,306.3
711,65,1.9,379.6,307.9
712,33,3.8,435.5,306.6
713,218,1.7,708.5,313.1
714,7,59.0,612.8,306.1
715,265,2.0,1095.8,315.3
716,328,2.6,1116.2,316.9
717,1,1.0,877.5,306.5
718,192,1.8,478.8,313.7
719,9,1.7,863.5,308.5
720,506,1.9,1191.8,322.2
721,4,2.0,535.5,309.0
722,165,2.3,227.3,321.2
723,253,1.6,669.4,318.6
724,47,166.2,410.0,314.2
725,78,2.8,292.9,316.6
726,180,2.8,304.9,319.9
727,38,1.7,800.4,316.2
728,56,1.8,108.4,316.4
729,72,2.2,210.6,319.8
730,110,1.9,787.1,322.3
731,50,1.8,91.0,318.7
732,111,2.0,444.2,322.3
733,106,2.0,605.3,322.2
734,29,1.8,806.4,319.7
735,18,3.8,398.2,319.0
736,166,1.7,145.6,328.2
737,160,1.6,637.6,325.8
738,41,2.6,245.4,323.6
739,69,2.7,257.2,323.2
740,36,2.6,276.4,322.3
741,16,2.4,432.5,320.9
742,107,1.5,884.5,327.9
743,545,2.1,1263.7,329.0
744,82,1.7,575.8,325.1
745,68,1.6,185.2,326.4
746,5,3.0,402.9,323.7
747,231,1.6,71.5,335.9
748,37,1.6,123.4,325.7
749,1,2.0,526.5,323.5
750,186,1.9,104.3,333.1
751,145,2.8,414.0,330.3
752,133,1.6,54.4,330.9
753,63,1.7,843.2,330.5
754,34,1.8,456.4,331.9
755,5,1.8,544.3,329.1
756,42,1.6,1064.4,333.8
757,18,1.7,554.0,332.3
758,55,2.0,363.7,334.6
759,15,1.9,737.5,332.2
760,33,1.8,467.1,335.3
761,117,1.6,840.1,340.1
762,169,2.4,334.4,341.5
763,106,1.9,611.5,337.9
764,91,1.9,1417.5,338.3
765,175,1.6,135.4,340.6
766,21,2.0,743.6,337.6
767,69,1.5,813.1,339.3
768,422,1.9,29.5,348.4
769,170,1.6,45.0,343.5
770,127,1.5,169.0,341.3
771,158,1.6,478.4,343.4
772,10,1.8,511.5,338.0
773,77,1.8,596.3,342.8
774,148,1.9,1116.3,345.0
775,25,1.8,118.0,341.3
776,149,1.6,198.4,346.2
777,140,1.6,819.9,348.0
778,251,1.8,1136.2,351.8
779,92,1.9,1104.1,345.3
780,64,2.2,102.8,346.8
781,80,1.8,1163.8,346.8
782,113,3.5,1377.7,350.0
783,38,2.1,379.9,346.3
784,228,1.8,622.4,353.0
785,237,1.9,537.5,352.4
786,86,1.7,766.3,350.5
787,358,2.6,248.1,360.4
788,188,2.2,511.5,353.8
789,67,1.6,716.5,350.2
790,118,33.6,1357.0,352.3
791,343,2.7,267.2,360.4
792,99,1.8,566.6,353.4
793,29,1.9,554.1,351.1
794,5,1.6,445.9,351.3
795,601,1.8,1215.6,365.6
796,37,2.1,219.5,354.4
797,31,1.7,710.4,354.6
798,53,10.1,90.3,356.1
799,73,2.0,361.8,357.0
800,42,1.7,693.2,356.4
801,11,2.8,300.9,354.9
802,28,2.1,915.9,358.5
803,142,1.8,1169.2,360.7
804,77,2.9,317.0,363.7
805,618,2.1,1265.1,370.6
806,37,3.0,1323.4,359.7
807,18,2.0,921.6,361.3
808,72,1.6,665.1,366.4
809,113,1.7,167.1,368.8
810,210,1.6,607.0,368.9
811,461,2.0,1063.5,377.3
812,153,1.7,55.0,370.4
813,29,1.6,118.2,365.6
814,22,1.6,183.0,366.1
815,41,1.8,584.3,366.6
816,15,11.8,74.6,365.9
817,78,1.8,136.4,368.9
818,28,1.5,402.6,367.2
819,68,2.0,1104.9,371.5
820,85,2.8,1410.0,371.2
821,96,1.8,209.2,371.9
822,106,1.9,1125.6,372.3
823,136,1.4,641.0,373.9
824,305,2.1,1191.3,377.6
825,5,11.6,77.9,371.1
826,81,2.9,305.9,374.4
827,85,1.9,762.4,376.4
828,50,1.6,891.3,374.6
829,5,2.0,416.3,374.1
830,94,10.6,554.6,379.4
831,144,1.6,884.8,383.1
832,42,4.5,1364.7,377.6
833,186,1.8,151.4,381.9
834,114,1.8,495.2,381.6
835,82,4.1,730.7,381.4
836,106,1.7,836.8,380.2
837,3,2.0,414.2,378.2
838,59,1.7,180.7,384.0
839,164,1.9,208.3,385.4
840,61,2.9,285.3,382.1
841,122,129.0,536.7,382.4
842,64,2.2,231.6,384.3
843,130,1.6,461.4,384.9
844,25,3.9,1356.4,382.6
845,59,1.7,166.1,385.2
846,27,1.4,432.1,386.5
847,75,1.6,700.0,388.8
848,204,2.0,75.6,393.5
849,54,2.1,91.6,390.1
850,201,1.8,15.9,398.5
851,8,1.5,914.0,390.0
852,423,1.9,1111.1,401.3
853,148,1.8,102.7,398.7
854,142,2.2,596.9,398.5
855,25,2.7,1302.0,393.7
856,203,1.6,472.5,400.9
857,19,1.7,909.3,393.9
858,207,2.7,37.7,399.0
859,600,2.3,347.8,405.4
860,13,1.8,811.3,394.0
861,14,1.6,917.5,394.8
862,5,1.8,973.7,393.1
863,150,2.1,559.8,402.1
864,1,2.0,969.5,393.5
865,116,44.1,1408.9,399.9
866,94,2.8,538.2,399.7
867,72,2.7,280.3,400.0
868,61,1.6,860.4,403.4
869,543,2.9,376.6,413.0
870,61,1.7,188.6,402.2
871,35,1.9,526.0,401.6
872,4,1.5,808.5,399.0
873,12,1.5,909.6,399.8
874,72,1.7,201.8,405.1
875,84,2.5,517.2,405.9
876,192,2.1,85.7,407.8
877,93,2.0,629.3,407.0
878,15,1.9,971.0,404.2
879,144,1.9,238.1,408.5
880,193,1.9,639.9,411.2
881,40,34.1,1350.2,405.0
882,117,4.4,1365.2,409.7
883,47,1.9,127.1,407.4
884,63,2.4,261.0,406.9
885,206,5.1,1157.3,412.4
886,4,1.8,975.0,405.0
887,48,33.6,1342.0,408.0
888,13,1.6,853.7,407.3
889,205,4.3,1137.3,414.7
890,20,7.0,1401.9,409.8
891,224,7.6,36.0,417.4
892,102,2.3,99.1,415.9
893,6,2.2,524.3,409.5
894,180,4.8,622.7,417.3
895,107,46.2,1431.1,414.2
896,72,1.7,150.6,416.3
897,179,4.6,1335.0,417.4
898,155,149.7,51.0,417.6
899,219,3.1,489.4,423.4
900,71,1.9,222.5,417.8
901,90,2.8,1300.3,418.5
902,206,1.9,443.9,423.8
903,85,2.3,268.2,419.9
904,109,2.3,823.3,421.8
905,2,2.0,937.0,415.5
906,91,2.0,536.6,421.4
907,64,2.2,588.8,419.8
908,191,1.7,124.1,425.8
909,84,1.8,199.3,423.2
910,110,2.2,284.1,423.9
911,75,3.5,511.3,424.5
912,2,2.0,557.0,418.5
913,159,1.8,878.3,426.5
914,53,2.4,633.6,424.7
915,138,2.0,852.4,427.3
916,57,2.0,642.2,424.8
917,239,3.8,1358.5,429.7
918,2,6.0,356.5,423.0
919,696,3.8,363.5,436.6
920,83,2.5,522.0,429.1
921,136,1.9,302.9,429.9
922,68,175.4,84.8,432.6
923,44,1.7,465.6,429.4
924,196,1.8,11.9,435.3
925,77,4.8,61.6,432.1
926,117,1.9,261.3,437.2
927,238,1.9,659.6,436.9
928,28,1.8,888.6,431.2
929,60,2.4,1302.2,431.6
930,50,1.7,185.5,433.6
931,45,47.9,502.3,434.1
932,182,5.0,102.5,439.5
933,14,1.6,957.2,432.6
934,43,1.8,212.1,439.4
935,53,1.6,235.2,436.2
936,114,2.2,1423.1,441.1
937,33,1.8,148.9,437.6
938,132,1.9,840.0,440.6
939,1,33.0,801.5,435.5
940,1,2.0,958.5,436.5
941,53,2.4,1299.2,440.1
942,169,1.7,277.4,445.3
943,31,1.7,438.3,442.1
944,84,2.2,534.1,442.6
945,89,2.6,50.0,444.5
946,21,1.8,151.4,444.0
947,88,1.9,197.8,449.1
948,117,72.2,1272.7,447.1
949,2,23.5,384.0,443.5
950,92,2.4,138.0,448.8
951,79,1.6,167.1,448.2
952,79,1.8,781.4,449.2
953,105,3.5,1347.0,448.5
954,188,2.1,101.4,453.2
955,248,1.8,902.9,455.9
956,69,2.1,583.7,451.0
957,10,1.8,975.4,449.3
958,186,2.2,118.4,456.0
959,73,2.3,1390.0,453.5
960,134,2.5,512.4,457.3
961,92,1.9,862.7,455.6
962,73,2.2,73.2,455.6
963,46,23.7,387.4,456.2
964,209,16.4,1314.2,459.8
965,28,1.5,443.4,455.6
966,130,2.1,832.8,459.0
967,9,1.8,870.1,453.4
968,164,2.0,779.8,461.6
969,76,1.8,927.0,456.9
970,9,1.8,972.5,455.3
971,57,1.8,270.2,458.4
972,164,2.8,1371.9,459.6
973,102,1.9,146.7,460.7
974,1,2.0,1397.5,455.5
975,15,1.8,964.8,458.0
976,116,2.0,52.8,462.7
977,110,2.1,525.1,464.6
978,204,1.6,25.1,466.1
979,67,1.7,289.1,461.9
980,116,3.8,1339.7,464.2
981,234,2.3,641.2,468.8
982,144,1.7,157.2,467.0
983,42,1.9,864.3,464.7
984,204,2.5,502.5,469.1
985,5,2.4,552.3,463.1
986,15,2.1,559.9,463.9
987,2,1.5,811.0,462.5
988,85,1.9,131.6,468.8
989,34,2.6,585.3,468.7
990,59,35.8,1283.0,469.9
991,69,1.6,424.6,470.4
992,195,1.7,90.9,476.7
993,40,1.6,442.8,470.9
994,53,2.3,626.8,473.3
995,148,1.6,57.3,479.0
996,26,1.6,307.5,473.2
997,55,2.4,1259.9,473.9
998,45,1.6,247.9,474.9
999,80,1.9,144.2,481.4
1000,33,50.6,838.3,478.3
1001,117,4.9,1327.7,481.8
1002,114,3.2,1356.6,482.1
1003,1,2.0,1267.5,479.5
1004,55,2.2,1419.8,483.4
1005,125,2.7,1313.6,486.7
1006,99,2.5,1391.0,485.5
1007,22,1.8,266.4,483.4
1008,186,2.3,1227.8,489.2
1009,232,1.5,177.6,489.1
1010,41,2.4,561.5,486.2
1011,94,1.7,134.6,488.8
1012,75,2.1,239.0,489.6
1013,73,1.8,257.4,489.7
1014,137,1.7,289.9,488.6
1015,135,1.8,486.3,491.5
1016,68,1.9,868.7,489.0
1017,32,11.0,916.0,490.0
1018,254,1.9,1159.4,496.6
1019,94,44.7,1343.7,490.8
1020,193,1.6,42.5,497.0
1021,106,1.7,467.9,492.8
1022,82,2.4,595.7,492.6
1023,59,11.2,907.6,491.4
1024,104,2.3,1288.5,494.0
1025,57,1.6,105.6,493.6
1026,57,1.6,319.3,492.7
1027,101,1.7,446.3,493.6
1028,47,2.0,530.4,494.7
1029,31,1.7,388.7,492.6
1030,36,2.2,546.0,493.0
1031,1,3.0,549.5,489.5
1032,6,2.0,937.3,490.3
1033,232,3.5,1379.6,502.1
1034,89,2.0,1191.2,495.3
1035,163,1.4,148.5,500.2
1036,3,2.0,401.2,492.8
1037,180,2.4,587.4,502.2
1038,25,1.8,872.7,494.9
1039,9,1.7,948.4,494.2
1040,85,1.8,344.2,499.8
1041,1,2.0,540.5,493.5
1042,128,1.9,787.8,501.4
1043,42,1.8,940.3,499.1
1044,124,1.8,736.0,502.2
1045,41,1.8,877.0,500.1
1046,50,2.0,1230.6,500.2
1047,101,1.6,190.1,503.2
1048,92,2.1,358.1,502.4
1049,23,1.6,429.2,500.9
1050,61,1.5,246.9,503.4
1051,83,1.9,964.5,504.2
1052,24,1.5,386.1,503.3
1053,108,2.5,1320.6,506.9
1054,101,42.0,1393.6,507.4
1055,99,2.1,495.9,506.8
1056,105,1.9,506.9,507.4
1057,228,2.3,571.1,508.7
1058,4,2.0,871.0,502.0
1059,12,1.8,1090.8,503.0
1060,223,2.0,548.2,508.7
1061,76,1.5,270.1,509.4
1062,27,2.0,1084.7,506.3
1063,121,2.6,1275.8,509.4
1064,88,2.3,281.4,509.9
1065,45,1.7,381.7,510.1
1066,245,2.1,834.3,512.8
1067,108,2.2,1259.8,511.4
1068,17,1.5,315.2,509.5
1069,128,1.9,1222.2,510.7
1070,193,1.4,54.4,516.7
1071,244,1.6,91.1,519.6
1072,39,1.9,796.0,511.3
1073,35,2.1,788.7,511.8
1074,73,1.9,990.9,514.7
1075,14,1.7,1133.7,511.7
1076,96,2.4,1433.2,513.7
1077,93,2.3,491.7,516.1
1078,89,2.5,1193.8,513.9
1079,32,1.7,176.8,514.5
1080,98,2.0,228.7,518.4
1081,73,1.9,864.4,516.8
1082,74,1.9,1140.5,515.8
1083,191,2.1,1102.0,520.8
1084,110,2.7,1297.6,517.2
1085,177,1.9,654.5,522.7
1086,18,1.8,873.9,516.1
1087,105,1.9,909.7,519.5
1088,138,1.9,1035.6,520.1
1089,117,1.8,1058.1,521.5
1090,115,2.1,1254.4,521.4
1091,225,2.9,1360.4,525.7
1092,115,2.9,1338.2,520.5
1093,87,2.1,209.6,523.2
1094,63,1.9,641.4,521.4
1095,202,1.6,123.1,526.1
1096,103,2.2,1149.8,523.4
1097,51,1.9,871.9,523.5
1098,11,1.9,983.4,521.6
1099,129,1.9,1117.2,525.4
1100,69,1.9,501.5,523.8
1101,50,1.9,523.5,524.0
1102,72,1.6,323.4,525.9
1103,16,1.6,355.9,522.9
1104,242,1.9,594.9,531.6
1105,105,1.9,1029.7,528.9
1106,2,1.5,443.0,522.5
1107,20,1.9,446.1,525.9
1108,131,1.5,149.7,531.0
1109,9,1.4,383.6,525.6
1110,21,1.6,391.8,527.8
1111,277,1.9,1170.5,532.0
1112,242,1.9,1205.2,534.5
1113,104,2.2,1318.7,531.5
1114,129,1.6,17.4,529.9
1115,97,2.0,425.2,530.9
1116,85,2.0,283.8,529.3
1117,91,3.0,1397.3,530.4
1118,79,2.3,1419.2,529.6
1119,7,2.0,956.1,528.8
1120,147,2.1,1298.9,532.8
1121,36,1.9,958.6,532.1
1122,118,2.6,757.8,534.2
1123,126,2.0,916.2,535.7
1124,221,1.8,1093.6,537.0
1125,218,1.4,79.6,538.4
1126,74,66.6,473.3,535.1
1127,16,3.5,493.4,531.6
1128,211,1.8,556.5,538.5
1129,80,1.9,938.0,536.1
1130,95,2.9,1006.1,536.4
1131,103,2.2,1242.4,537.8
1132,191,3.5,1282.8,538.2
1133,78,4.8,1349.8,539.7
1134,234,19.4,1377.7,537.0
1135,110,2.2,1261.9,536.7
1136,1,2.0,966.5,532.5
1137,8,1.9,520.4,537.6
1138,254,29.4,783.7,546.4
1139,122,1.9,1135.3,542.6
1140,50,2.1,904.8,540.6
1141,70,1.6,353.3,543.0
1142,3,2.0,878.2,539.2
1143,99,2.1,1152.3,542.1
1144,22,1.4,182.4,542.2
1145,89,1.6,266.4,545.8
1146,126,3.5,1293.3,545.4
1147,36,88.9,494.3,542.7
1148,80,2.4,1426.3,544.3
1149,33,1.9,935.9,544.7
1150,225,95.2,994.9,550.1
1151,83,2.3,1039.1,548.7
1152,239,1.9,398.8,549.2
1153,95,1.7,584.4,549.5
1154,222,145.0,687.2,550.0
1155,11,1.9,529.0,546.0
1156,75,1.8,880.0,548.1
1157,51,2.0,899.3,549.2
1158,127,3.1,966.0,551.3
1159,83,2.4,1058.1,550.0
1160,78,1.9,294.5,551.5
1161,19,1.7,338.2,547.3
1162,107,2.4,758.8,550.2
1163,59,9.8,846.3,549.0
1164,217,2.0,922.3,553.1
1165,107,1.5,229.5,555.6
1166,23,1.8,431.8,550.4
1167,32,2.0,443.0,551.2
1168,107,1.7,557.6,554.9
1169,207,1.9,635.8,556.8
1170,120,73.2,804.4,554.9
1171,254,5.6,1336.1,556.8
1172,84,2.0,275.3,555.7
1173,41,2.0,534.4,551.8
1174,147,83.9,1354.9,555.3
1175,1,3.0,453.5,550.5
1176,258,2.2,745.5,561.2
1177,60,1.9,1127.2,557.1
1178,258,1.7,204.6,561.3
1179,157,4.2,714.7,557.3
1180,107,2.1,1071.5,557.3
1181,99,17.9,1401.8,557.7
1182,95,2.1,1087.0,558.2
1183,95,1.7,570.0,559.3
1184,81,1.7,333.6,559.0
1185,117,1.9,1146.4,561.6
1186,99,3.2,512.5,560.2
1187,100,1.9,1186.1,561.3
1188,27,1.5,167.8,558.6
1189,256,1.6,309.3,568.6
1190,28,1.7,429.5,559.3
1191,75,2.4,464.1,560.8
1192,5,64.0,1285.7,557.1
1193,96,2.0,1046.4,563.9
1194,63,1.8,619.7,564.1
1195,112,2.1,1025.4,565.2
1196,266,2.2,1227.1,571.1
1197,114,2.3,1426.3,565.0
1198,8,3.1,827.6,561.6
1199,3,2.0,1195.8,561.2
1200,2,87.0,482.0,562.0
1201,62,85.4,489.3,565.3
1202,117,2.5,862.3,567.6
1203,115,2.8,1005.0,568.8
1204,31,1.8,1158.7,564.9
1205,18,1.9,455.6,565.1
1206,229,25.7,1377.2,571.6
1207,53,1.8,436.2,567.1
1208,80,4.2,828.6,570.1
1209,42,1.9,1165.2,567.4
1210,104,5.3,503.1,569.4
1211,127,1.9,900.6,571.9
1212,146,2.2,943.3,572.2
1213,70,1.7,335.4,569.4
1214,99,1.9,536.7,572.2
1215,209,3.8,1405.8,573.6
1216,118,63.6,797.5,572.1
1217,106,2.0,964.5,573.7
1218,46,2.8,1319.8,570.8
1219,66,1.7,399.9,573.0
1220,186,38.3,780.8,576.8
1221,15,1.9,1191.6,568.4
1222,20,1.8,362.1,573.5
1223,188,110.9,696.6,577.8
1224,104,2.3,989.0,577.7
1225,100,2.0,1240.9,577.0
1226,57,3.3,1299.1,577.9
1227,23,1.9,411.2,573.5
1228,227,3.9,745.4,579.7
1229,79,2.3,1424.0,576.5
1230,109,1.6,386.4,579.1
1231,89,2.0,519.1,580.3
1232,172,1.8,1096.9,581.2
1233,144,2.2,1262.3,581.2
1234,1,2.0,553.5,575.5
1235,113,125.4,836.2,582.3
1236,34,1.9,620.4,581.0
1237,38,1.9,645.9,581.7
1238,99,4.8,1059.6,583.6
1239,17,1.7,550.3,581.9
1240,54,1.9,613.9,586.1
1241,113,2.1,338.4,586.8
1242,108,2.6,495.8,585.9
1243,1,1.0,555.5,580.5
1244,147,4.4,879.2,584.6
1245,61,2.1,928.7,585.3
1246,109,2.0,1150.4,585.4
1247,87,1.9,540.3,586.9
1248,109,2.0,1003.2,587.1
1249,37,2.0,1125.8,584.9
1250,106,2.1,1076.1,587.9
1251,110,3.1,861.3,588.3
1252,151,2.0,920.4,592.2
1253,113,2.9,1039.9,590.7
1254,161,2.1,1230.4,591.2
1255,65,1.8,1131.6,590.5
1256,46,1.8,585.3,589.8
1257,197,10.3,706.5,592.1
1258,104,2.3,1017.5,593.7
1259,183,3.2,732.1,596.4
1260,109,103.7,797.9,591.1
1261,232,2.1,1200.0,595.0
1262,110,129.1,831.2,593.1
1263,59,2.0,484.8,593.2
1264,14,2.0,1251.2,590.6
1265,328,2.0,596.4,599.2
1266,118,2.2,908.5,596.2
1267,1,2.0,1253.5,589.5
1268,96,2.2,893.7,596.6
1269,108,2.3,1310.8,597.6
1270,46,1.8,428.1,594.9
1271,110,1.9,502.3,598.3
1272,185,2.7,684.9,598.6
1273,73,1.9,1170.3,597.1
1274,30,2.2,1244.7,594.7
1275,55,4.5,1328.2,594.7
1276,93,2.0,952.0,596.3
1277,169,2.0,982.3,598.2
1278,130,2.0,1101.1,600.9
1279,124,1.9,463.8,602.8
1280,90,1.9,521.7,599.5
1281,239,3.8,778.8,602.1
1282,114,75.7,1052.8,601.1
1283,64,17.8,1401.3,599.2
1284,129,1.7,366.7,603.5
1285,49,1.9,476.2,599.6
1286,237,5.4,829.9,606.8
1287,139,2.0,945.7,607.9
1288,64,2.1,1297.0,602.7
1289,91,2.4,1081.8,604.7
1290,46,2.1,1271.2,602.4
1291,112,2.0,1023.2,605.6
1292,66,1.9,1134.5,605.2
1293,77,1.7,399.3,607.8
1294,95,1.9,491.0,610.6
1295,49,84.0,795.4,606.8
1296,22,1.9,1145.7,607.7
1297,29,1.8,408.3,609.7
1298,123,1.8,443.4,612.8
1299,76,2.0,1154.8,611.1
1300,85,2.3,1276.6,614.4
1301,118,1.7,324.1,617.5
1302,3,81.3,804.8,609.2
1303,25,2.1,1130.5,611.3
1304,6,7.5,1423.0,609.5
1305,11,2.1,974.3,611.3
1306,174,3.5,1388.1,615.8
1307,110,2.2,1003.1,618.9
1308,113,71.3,1062.8,618.0
1309,83,2.1,1311.3,617.7
1310,159,1.6,346.6,620.4
1311,83,1.8,519.7,618.8
1312,60,2.3,1370.4,617.5
1313,264,1.7,262.2,624.7
1314,73,41.8,575.5,620.6
1315,223,14.3,661.4,623.8
1316,97,2.1,1095.0,619.9
1317,85,2.4,475.4,623.6
1318,237,2.3,734.2,627.1
1319,65,2.6,1167.1,619.1
1320,31,51.2,851.0,618.6
1321,45,40.3,1230.4,620.4
1322,236,2.2,1334.9,624.7
1323,31,3.1,1217.2,619.9
1324,37,1.9,1018.1,620.6
1325,135,2.0,1109.0,625.8
1326,34,2.2,1159.7,621.9
1327,114,2.2,1207.9,622.7
1328,97,2.2,464.9,627.2
1329,178,27.6,844.9,632.9
1330,63,1.8,627.8,626.8
1331,215,2.2,933.3,629.7
1332,107,2.0,1194.2,626.7
1333,34,1.7,414.2,625.1
1334,7,2.0,511.2,623.5
1335,44,2.1,1024.5,627.8
1336,271,1.5,294.4,634.8
1337,110,2.8,562.0,631.9
1338,5,46.2,851.3,624.9
1339,226,2.4,870.8,632.6
1340,147,1.7,388.3,634.7
1341,85,2.9,486.4,631.8
1342,109,1.9,597.7,630.0
1343,220,4.5,792.9,634.8
1344,100,2.0,983.0,632.4
1345,121,1.6,354.1,633.1
1346,237,2.4,750.6,635.6
1347,34,2.0,1035.6,630.5
1348,84,2.6,1405.6,632.0
1349,203,4.9,808.5,636.4
1350,90,2.9,1058.1,633.8
1351,113,1.6,370.2,636.8
1352,40,1.9,618.5,632.7
1353,237,3.2,695.4,639.5
1354,186,2.2,1084.4,639.2
1355,102,2.1,1174.9,634.8
1356,5,1.8,888.3,633.7
1357,100,2.5,1372.7,639.4
1358,196,2.3,1416.4,640.7
1359,125,2.1,515.5,639.8
1360,6,2.5,903.5,634.0
1361,195,2.0,1099.0,641.2
1362,148,1.9,1125.1,638.1
1363,74,2.2,1333.3,638.1
1364,62,2.1,1037.5,638.2
1365,3,2.0,1148.8,634.8
1366,88,2.0,897.0,640.2
1367,7,2.0,957.5,636.2
1368,69,2.1,1156.4,641.8
1369,182,3.6,1230.5,643.6
1370,213,2.6,1252.0,644.0
1371,2,2.0,1287.0,636.5
1372,108,2.4,1355.4,642.7
1373,72,2.5,554.7,643.6
1374,82,1.8,592.9,643.9
1375,28,1.8,952.9,640.5
1376,70,2.2,1005.4,643.7
1377,3,1.7,1286.2,641.2
1378,112,2.4,1389.5,646.8
1379,228,1.9,329.5,648.6
1380,119,11.2,869.9,646.6
1381,75,6.2,471.3,648.6
1382,115,119.8,496.8,649.7
1383,97,2.4,446.0,650.1
1384,85,94.5,817.3,650.3
1385,103,2.1,1182.7,650.4
1386,17,2.1,1214.2,646.7
1387,67,2.0,1032.1,651.0
1388,82,6.3,833.1,652.6
1389,95,11.0,862.6,652.5
1390,51,2.0,939.4,651.0
1391,31,2.1,1204.5,650.2
1392,92,2.1,1168.5,654.4
1393,103,3.0,743.2,653.0
1394,28,2.0,1049.8,651.2
1395,117,2.1,387.5,658.0
1396,12,2.2,1077.3,653.0
1397,221,2.3,1428.8,660.2
1398,99,5.1,429.2,657.6
1399,93,84.9,803.6,657.4
1400,96,2.7,783.4,660.9
1401,39,2.2,1045.4,657.4
1402,164,2.0,1119.1,660.0
1403,129,2.0,1148.2,659.5
1404,18,12.1,659.5,656.0
1405,24,1.9,913.1,656.2
1406,64,2.2,1078.1,659.9
1407,225,2.9,1311.0,662.4
1408,104,2.4,1393.2,658.8
1409,112,67.5,462.8,662.2
1410,49,1.7,534.5,658.7
1411,8,116.1,723.1,656.8
1412,234,2.4,1283.8,662.4
1413,97,2.0,334.4,660.8
1414,117,60.7,448.1,663.3
1415,103,2.3,766.1,663.7
1416,65,2.4,890.1,659.9
1417,93,3.5,1362.8,662.8
1418,79,1.8,366.9,666.9
1419,24,2.0,986.0,661.5
1420,110,2.1,1134.6,663.6
1421,2,2.0,556.0,658.5
1422,82,3.4,1215.4,664.0
1423,176,1.8,322.8,666.2
1424,94,1.9,524.8,663.6
1425,100,1.8,572.8,662.9
1426,163,16.0,662.3,666.2
1427,17,1.9,978.2,662.4
1428,187,2.4,1411.5,665.7
1429,3,2.7,1031.8,661.8
1430,82,2.5,1200.7,666.7
1431,130,2.3,494.2,669.1
1432,76,2.1,627.8,669.4
1433,9,2.0,908.2,663.4
1434,105,2.0,1091.1,667.9
1435,97,2.5,752.9,668.4
1436,90,1.9,955.9,669.9
1437,5,2.0,973.3,664.1
1438,126,2.1,300.7,669.2
1439,44,5.9,725.6,667.4
1440,20,2.1,1009.1,666.9
1441,33,2.2,1176.1,667.2
1442,46,2.3,1183.4,667.3
1443,140,5.3,818.5,673.4
1444,4,2.8,883.0,666.0
1445,91,1.9,944.1,670.6
1446,126,59.3,1242.7,673.1
1447,9,1.6,551.2,667.4
1448,211,87.3,654.4,675.3
1449,221,2.1,842.7,678.2
1450,221,1.8,517.3,674.8
1451,90,87.6,396.6,672.1
1452,21,2.3,1005.1,671.0
1453,189,3.0,1269.9,676.2
1454,250,2.2,427.2,682.5
1455,212,3.1,777.2,677.0
1456,102,2.1,899.8,675.5
1457,209,4.1,1319.9,679.1
1458,246,2.3,1424.5,677.5
1459,96,2.9,724.8,676.5
1460,98,2.1,980.8,676.9
1461,102,2.2,1019.8,676.9
1462,20,2.0,999.7,674.1
1463,129,2.1,1139.1,677.0
1464,93,2.4,1374.0,678.0
1465,94,2.0,58.4,678.8
1466,213,2.6,739.0,680.4
1467,82,2.2,1033.9,678.3
1468,174,2.1,1109.5,679.6
1469,108,1.9,28.2,679.9
1470,211,3.2,459.0,683.3
1471,30,6.9,874.3,678.8
1472,142,2.1,1154.3,683.3
1473,197,2.0,489.8,686.0
1474,3,3.3,789.2,677.2
1475,44,2.0,1081.3,680.8
1476,188,2.3,1402.1,686.4
1477,33,2.0,1290.3,680.4
1478,109,1.7,300.6,685.7
1479,14,75.4,705.5,680.1
1480,98,1.9,1092.2,686.1
1481,105,2.8,1203.3,685.7
1482,94,54.6,1219.3,684.0
1483,93,2.1,897.6,685.9
1484,69,2.0,915.0,686.9
1485,22,1.7,597.5,685.0
1486,96,4.4,1248.6,690.4
1487,91,6.7,1000.6,690.5
1488,24,2.0,1076.8,686.5
1489,4,2.5,1285.0,685.0
1490,101,4.5,1347.2,689.7
1491,67,2.8,835.3,689.8
1492,66,1.9,944.9,688.6
1493,74,2.2,1128.7,691.0
1494,94,1.7,343.6,690.9
1495,2,71.5,710.5,688.0
1496,16,6.9,874.9,689.9
1497,16,1.9,319.8,690.3
1498,4,28.5,821.0,689.0
1499,217,2.5,1331.4,697.8
1500,91,2.6,1029.0,696.6
1501,86,4.1,1229.6,695.4
1502,102,79.4,89.7,696.1
1503,9,1.6,366.7,691.6
1504,10,2.1,1043.7,692.1
1505,33,2.1,1289.3,694.2
1506,214,2.4,1410.6,699.3
1507,64,2.1,1109.3,696.9
1508,151,2.4,1168.1,697.6
1509,130,2.2,1267.2,699.8
1510,85,1.6,312.9,697.1
1511,23,1.7,557.0,695.1
1512,213,13.2,647.9,697.7
1513,12,28.3,813.8,693.8
1514,102,2.1,9.0,699.3
1515,40,1.8,589.3,696.2
1516,131,2.6,680.3,700.6
1517,2,2.5,1050.5,694.0
1518,189,2.1,1145.7,700.0
1519,205,1.9,454.5,700.7
1520,96,93.6,1004.9,698.9
1521,100,2.2,1185.1,699.9
1522,27,1.7,362.2,698.5
1523,13,26.8,819.1,697.3
1524,94,5.4,991.2,701.8
1525,81,2.5,1212.1,700.5
1526,109,2.6,1362.9,700.9
1527,103,2.4,1378.6,701.3
1528,215,2.8,805.4,706.5
1529,119,2.3,1064.2,703.4
1530,86,2.3,1093.7,700.8
1531,10,2.9,1219.4,698.3
1532,4,1.5,563.0,698.0
1533,206,3.7,115.9,705.7
1534,104,1.8,522.9,705.0
1535,83,1.9,586.3,703.8
1536,4,2.0,971.0,700.0
1537,92,2.4,26.7,705.3
1538,2,1.5,967.0,700.5
1539,89,2.1,906.1,705.9
1540,69,2.0,920.9,707.8
1541,101,2.2,1431.2,706.9
1542,12,1.3,361.0,704.0
1543,243,2.2,499.1,713.1
1544,226,61.0,780.2,710.8
1545,5,1.8,571.1,705.3
1546,183,2.4,843.8,710.8
1547,201,2.2,866.3,712.4
1548,80,1.9,399.7,709.1
1549,217,2.1,472.5,714.1
1550,97,2.0,962.2,710.7
1551,140,2.1,1168.4,711.1
1552,54,1.5,325.9,710.1
1553,65,2.1,887.6,709.9
1554,83,3.0,1079.1,711.9
1555,191,2.1,1349.0,712.8
1556,225,90.9,742.1,713.2
1557,90,2.2,977.0,712.8
1558,7,2.1,1048.2,708.5
1559,214,1.7,136.6,717.0
1560,166,2.2,1190.7,715.8
1561,226,2.5,681.1,719.7
1562,150,2.2,933.7,717.9
1563,7,3.6,1025.5,710.2
1564,8,2.0,615.0,711.0
1565,238,27.9,638.1,720.3
1566,79,3.8,1100.4,715.9
1567,108,2.3,1213.2,716.7
1568,89,2.3,16.3,718.3
1569,39,2.3,1051.2,716.1
1570,87,10.0,1231.3,717.7
1571,133,2.2,1309.7,720.7
1572,1,2.0,1028.5,714.5
1573,57,4.6,1000.3,718.0
1574,128,2.7,1258.1,724.7
1575,218,3.2,815.7,724.1
1576,2,2.5,889.0,716.5
1577,80,2.8,909.3,722.3
1578,16,3.6,1021.0,718.5
1579,144,2.1,1122.3,723.1
1580,181,1.8,513.6,728.2
1581,80,2.1,952.1,720.8
1582,103,2.3,1385.9,723.2
1583,145,2.3,1140.3,725.9
1584,102,2.2,1155.4,725.1
1585,45,2.5,27.5,725.4
1586,37,19.2,733.7,723.4
1587,102,3.9,760.7,725.8
1588,86,2.6,1424.7,725.8
1589,187,1.7,143.8,728.3
1590,95,48.9,1077.6,726.6
1591,42,2.1,1324.5,724.7
1592,91,1.9,482.5,726.9
1593,6,3.3,596.7,723.3
1594,223,4.8,698.1,732.0
1595,36,19.1,739.9,726.3
1596,89,2.6,1060.3,728.9
1597,107,2.3,1403.8,728.6
1598,220,2.2,68.1,732.4
1599,101,2.4,864.9,731.7
1600,23,20.7,892.8,728.0
1601,86,2.3,1045.5,730.4
1602,83,4.8,1093.6,730.7
1603,4,3.5,591.0,727.0
1604,262,1.6,337.3,736.8
1605,25,21.5,899.3,730.9
1606,101,2.4,935.5,733.0
1607,25,1.8,571.5,730.5
1608,54,2.4,987.0,732.8
1609,155,2.1,1201.0,738.2
1610,53,175.5,827.6,735.3
1611,94,2.3,1031.5,736.0
1612,199,4.8,17.3,741.0
1613,68,1.8,575.5,737.2
1614,91,2.4,917.9,736.0
1615,19,1.7,480.1,734.8
1616,103,2.1,948.1,738.7
1617,16,21.4,898.3,736.7
1618,272,2.5,1112.5,747.1
1619,70,2.1,1186.1,739.3
1620,247,2.0,103.8,747.6
1621,12,49.5,1085.0,737.0
1622,3,16.0,181.2,736.8
1623,12,6.2,396.0,738.2
1624,5,1.8,519.9,737.7
1625,82,2.3,873.4,742.0
1626,102,2.2,1045.7,742.5
1627,6,2.0,1174.0,738.0
1628,64,2.0,1240.8,742.2
1629,210,2.7,1276.3,745.1
1630,107,2.3,646.6,741.9
1631,31,21.7,710.8,741.3
1632,342,2.1,1365.8,752.4
1633,122,1.7,488.5,744.0
1634,95,3.1,763.7,744.0
1635,50,2.1,986.5,743.4
1636,90,3.0,1064.3,745.0
1637,65,51.0,1083.0,745.4
1638,104,2.6,1393.2,744.6
1639,15,1.7,518.2,742.4
1640,107,2.1,631.2,746.2
1641,43,24.4,717.6,743.2
1642,71,4.9,848.6,747.3
1643,29,1.8,532.9,743.5
1644,84,2.3,915.5,745.3
1645,63,16.1,1302.1,747.5
1646,19,15.8,174.1,744.7
1647,198,3.7,785.3,748.6
1648,101,2.2,1017.7,748.6
1649,233,2.2,74.8,750.6
1650,48,1.8,541.5,748.6
1651,191,226.4,697.9,752.7
1652,75,39.9,1144.3,750.1
1653,80,2.2,1323.8,747.7
1654,57,2.1,959.6,749.9
1655,29,2.1,995.0,747.8
1656,91,2.3,930.8,751.8
1657,96,2.2,947.6,751.7
1658,249,1.7,369.5,756.6
1659,26,1.9,533.5,749.8
1660,21,1.9,615.5,750.0
1661,1,3.0,662.5,747.5
1662,85,3.3,667.9,753.3
1663,100,117.5,730.6,754.1
1664,7,2.4,875.5,749.2
1665,17,2.0,981.6,749.9
1666,82,11.1,1092.0,752.5
1667,97,115.0,712.7,754.1
1668,83,61.3,747.3,753.6
1669,235,4.5,818.8,760.7
1670,24,1.9,610.5,754.8
1671,43,2.2,896.5,755.2
1672,175,2.2,1225.1,760.0
1673,43,1.9,511.7,757.5
1674,107,2.3,626.2,761.2
1675,112,4.5,1162.7,761.1
1676,141,2.1,1269.1,758.6
1677,89,2.1,967.4,761.7
1678,93,2.6,1079.2,760.3
1679,90,2.2,1415.5,760.8
1680,85,4.8,651.2,760.9
1681,98,2.2,1204.8,762.7
1682,107,2.4,1399.4,762.2
1683,80,2.6,910.8,763.5
1684,33,1.9,157.7,762.0
1685,96,2.3,927.5,763.5
1686,47,70.8,28.9,764.3
1687,93,5.7,675.5,765.3
1688,26,118.7,785.8,762.5
1689,86,2.2,872.7,766.7
1690,73,2.4,1052.1,764.5
1691,47,2.4,1172.8,764.0
1692,29,82.9,20.2,764.0
1693,179,1.6,190.1,768.5
1694,75,1.9,511.9,765.8
1695,33,2.1,891.5,764.6
1696,17,5.6,43.8,764.2
1697,92,1.8,527.7,766.0
1698,62,2.1,901.0,768.5
1699,4,2.5,834.2,764.5
1700,83,2.7,1090.9,767.5
1701,85,2.6,1113.7,768.4
1702,99,4.7,695.9,770.2
1703,66,23.0,765.3,769.0
1704,61,123.0,781.8,767.8
1705,67,47.1,1153.8,769.1
1706,76,2.1,1025.7,770.8
1707,71,8.0,135.4,773.5
1708,105,6.1,723.7,774.2
1709,82,20.5,31.3,774.6
1710,139,18.0,112.4,775.6
1711,116,2.1,911.7,776.3
1712,55,2.3,937.0,775.3
1713,66,2.4,71.7,776.0
1714,2,2.0,606.0,773.5
1715,24,1.9,992.6,775.9
1716,91,2.6,1119.0,780.2
1717,160,5.4,1135.7,780.2
1718,105,2.3,1223.7,778.7
1719,71,5.0,1313.6,780.0
1720,132,2.1,1197.3,780.0
1721,27,2.0,544.8,778.2
1722,83,2.2,1343.0,782.2
1723,43,2.0,553.2,779.5
1724,98,2.7,1073.1,783.0
1725,110,2.3,1412.6,782.2
1726,96,2.1,630.2,782.1
1727,201,2.7,703.8,783.8
1728,196,2.3,92.2,785.3
1729,27,1.9,602.1,780.9
1730,42,2.3,657.5,783.3
1731,84,2.7,729.2,783.2
1732,14,2.1,1017.6,782.3
1733,79,6.0,46.0,787.7
1734,166,2.1,1269.8,790.3
1735,166,4.2,1168.7,789.2
1736,219,23.3,760.5,789.0
1737,57,2.5,1104.0,789.6
1738,137,2.2,1247.1,789.8
1739,52,2.0,971.4,789.3
1740,77,66.5,1048.5,787.9
1741,176,88.2,1305.0,791.6
1742,186,2.4,848.0,794.6
1743,91,2.1,882.2,790.0
1744,108,19.8,931.2,789.8
1745,12,2.1,1015.2,787.2
1746,44,74.7,17.8,790.6
1747,15,2.1,1010.1,788.1
1748,112,2.4,1212.8,793.5
1749,200,2.4,723.4,794.7
1750,82,1.9,136.4,795.4
1751,83,2.5,109.4,796.6
1752,125,2.2,588.4,799.8
1753,90,2.1,621.5,795.5
1754,98,2.1,643.9,795.8
1755,8,2.8,817.6,791.4
1756,262,1.7,187.7,799.0
1757,12,50.1,550.4,793.2
1758,6,2.0,671.7,792.7
1759,59,2.1,982.0,797.0
1760,95,10.0,1127.4,796.0
1761,168,150.6,1143.8,798.8
1762,211,2.0,1379.5,802.2
1763,202,2.6,80.1,799.5
1764,191,2.2,911.8,800.3
1765,81,6.3,1050.8,797.2
1766,29,2.9,797.0,798.0
1767,4,2.2,876.0,796.0
1768,69,3.0,786.1,801.1
1769,67,2.4,659.9,802.1
1770,106,2.5,1027.7,806.7
1771,45,2.0,1074.9,801.3
1772,173,2.0,1249.7,803.9
1773,186,5.5,50.6,807.3
1774,262,2.7,1330.7,806.5
1775,20,2.2,823.0,801.4
1776,88,2.7,957.0,805.8
1777,64,3.2,769.3,804.5
1778,48,2.5,1107.5,804.5
1779,153,2.3,1183.8,806.1
1780,144,2.5,151.2,806.1
1781,109,2.4,1220.9,807.1
1782,62,2.3,700.8,807.2
1783,125,68.8,35.2,810.5
1784,102,2.0,608.5,807.3
1785,87,2.4,631.3,808.1
1786,1,2.0,1069.5,803.5
1787,44,2.5,865.2,807.2
1788,56,2.9,939.0,809.2
1789,125,2.2,948.4,811.8
1790,97,2.2,978.4,811.2
1791,4,2.0,1071.0,806.5
1792,25,3.0,857.7,809.7
1793,91,6.8,1131.7,812.1
1794,65,1.7,210.3,810.5
1795,72,1.9,512.5,812.8
1796,60,2.3,1059.3,813.5
1797,228,2.2,1205.7,817.2
1798,2,54.0,552.0,808.5
1799,183,6.1,1166.3,815.8
1800,222,2.2,1368.7,815.4
1801,83,2.4,718.8,816.4
1802,21,2.4,823.4,810.9
1803,147,70.0,105.2,817.8
1804,25,1.6,203.3,814.7
1805,1,2.0,537.5,812.5
1806,69,2.2,1287.4,816.3
1807,189,3.5,63.5,821.0
1808,57,2.2,1278.6,817.5
1809,91,3.0,81.7,819.4
1810,129,1.8,233.4,820.9
1811,101,2.6,612.2,820.7
1812,69,2.4,1033.3,819.2
1813,170,19.3,460.8,821.8
1814,123,1.9,169.9,823.5
1815,6,2.0,559.7,818.3
1816,193,2.3,656.8,822.6
1817,12,2.1,553.6,819.2
1818,74,2.3,630.9,822.3
1819,139,2.3,679.1,826.5
1820,95,2.3,772.4,825.1
1821,85,2.3,1018.2,824.5
1822,59,2.3,1067.2,824.8
1823,93,2.5,1118.1,823.8
1824,130,64.7,125.4,824.6
1825,28,5.6,829.5,823.4
1826,102,2.1,890.0,828.6
1827,98,17.0,1153.5,827.2
1828,12,121.6,841.8,825.0
1829,86,2.0,923.9,827.6
1830,52,2.1,995.2,826.7
1831,18,2.1,1083.7,825.8
1832,74,2.3,1101.7,831.5
1833,247,2.4,1302.0,833.2
1834,95,18.1,1136.0,832.3
1835,166,3.9,17.0,835.6
1836,30,2.2,688.1,830.9
1837,92,2.2,785.6,833.8
1838,248,2.4,1182.1,835.2
1839,111,2.0,218.9,834.6
1840,17,2.1,1081.7,831.0
1841,25,1.6,380.9,832.1
1842,17,116.0,842.1,831.5
1843,112,2.1,919.2,836.6
1844,76,81.2,37.3,834.9
1845,135,1.7,192.8,835.9
1846,83,2.3,648.0,834.4
1847,55,2.2,1032.3,835.8
1848,9,1.9,714.2,832.4
1849,79,2.2,715.8,839.3
1850,186,3.2,72.3,840.1
1851,12,1.9,509.9,833.7
1852,27,2.5,673.4,836.9
1853,22,2.1,734.3,835.6
1854,237,3.2,591.2,850.1
1855,161,2.2,901.3,838.4
1856,260,2.3,1320.6,843.2
1857,65,2.7,1422.1,837.5
1858,79,2.0,166.3,841.3
1859,67,36.6,622.0,840.0
1860,92,4.7,634.1,842.1
1861,79,5.0,693.7,840.6
1862,118,5.9,109.8,841.8
1863,165,1.9,139.2,844.9
1864,39,2.1,1054.4,839.3
1865,44,2.1,1062.7,839.4
1866,2,4.5,702.5,838.0
1867,213,2.2,874.5,845.8
1868,104,2.1,946.3,842.2
1869,205,2.1,1224.4,844.8
1870,266,2.1,1291.7,845.6
1871,77,2.9,861.3,844.8
1872,2,2.0,426.0,839.5
1873,14,1.7,429.6,841.7
1874,6,35.5,614.3,842.3
1875,5,2.0,962.7,843.3
1876,22,2.0,979.0,845.0
1877,105,2.6,1168.7,846.5
1878,109,2.6,1207.4,848.4
1879,270,2.2,1253.0,852.2
1880,115,4.2,500.5,851.2
1881,104,3.2,524.6,849.8
1882,44,2.1,544.9,846.8
1883,13,2.2,959.7,845.4
1884,107,2.5,1139.5,849.3
1885,24,1.9,375.4,846.5
1886,5,2.4,938.5,845.7
1887,190,2.6,49.1,853.6
1888,95,32.5,609.8,850.0
1889,23,2.2,1075.9,849.2
1890,1,2.0,966.5,846.5
1891,239,2.4,1151.7,855.5
1892,92,2.5,108.0,851.4
1893,51,2.2,1021.6,850.3
1894,129,2.3,33.3,854.5
1895,120,2.2,94.4,856.0
1896,109,2.2,571.0,854.9
1897,48,2.1,677.7,852.0
1898,117,2.2,1045.4,857.7
1899,278,2.9,262.5,860.8
1900,10,1.9,966.5,851.5
1901,277,1.9,225.6,862.8
1902,3,1.7,376.2,852.2
1903,15,3.5,384.6,853.2
1904,26,2.1,547.2,853.9
1905,92,3.6,629.7,855.8
1906,80,49.5,1182.8,858.0
1907,20,1.8,424.1,856.5
1908,100,2.2,560.1,858.4
1909,48,2.2,659.2,856.6
1910,91,2.1,1019.4,858.9
1911,86,82.0,830.1,860.0
1912,69,2.0,977.6,859.7
1913,203,2.2,1082.8,868.5
1914,194,1.8,182.6,861.4
1915,114,1.9,474.6,863.4
1916,88,2.4,8.1,861.8
1917,36,2.4,78.7,860.9
1918,32,1.9,463.2,862.1
1919,99,2.4,1133.0,860.9
1920,216,1.8,404.4,866.3
1921,87,17.1,607.3,861.2
1922,79,2.2,858.2,862.8
1923,102,2.2,1095.3,863.3
1924,21,1.6,428.2,861.6
1925,55,1.9,513.6,861.8
1926,56,2.0,746.3,863.2
1927,118,2.0,882.3,864.3
1928,236,2.2,109.7,869.0
1929,101,2.2,124.7,864.6
1930,123,2.4,545.8,864.7
1931,214,3.0,766.3,868.3
1932,161,2.0,933.6,868.2
1933,2,2.0,799.5,861.0
1934,84,2.2,685.9,867.8
1935,188,2.3,25.8,872.2
1936,90,21.6,628.2,868.7
1937,28,2.0,980.1,865.8
1938,94,2.5,1114.2,870.4
1939,242,1.8,204.9,875.2
1940,92,2.2,596.2,870.9
1941,62,2.4,670.0,870.5
1942,101,3.7,1212.9,869.9
1943,82,2.1,132.4,871.5
1944,1,2.0,582.5,866.5
1945,77,2.3,655.3,873.3
1946,10,2.0,718.5,868.0
1947,13,2.0,577.6,868.6
1948,28,2.1,722.0,871.4
1949,53,2.1,583.2,871.7
1950,121,2.3,1254.0,875.8
1951,69,3.6,639.6,875.8
1952,4,2.8,709.0,870.0
1953,34,3.8,780.8,872.5
1954,96,3.6,819.8,874.3
1955,17,2.1,61.6,872.1
1956,158,2.2,860.8,876.9
1957,144,2.1,988.8,877.1
1958,79,3.5,563.8,878.1
1959,155,2.2,1096.3,879.0
1960,4,2.0,512.0,873.0
1961,135,1.8,333.1,879.6
1962,6,2.7,708.7,874.7
1963,80,6.9,839.5,879.0
1964,58,2.0,1066.3,877.8
1965,117,2.4,1229.3,879.2
1966,275,2.1,1266.5,883.2
1967,35,2.3,92.8,877.8
1968,106,2.0,155.2,879.5
1969,1,1.0,395.5,874.5
1970,55,1.7,485.0,879.5
1971,82,2.2,679.5,880.7
1972,22,2.1,972.1,878.4
1973,253,2.2,1034.3,883.5
1974,207,2.5,1185.9,886.1
1975,326,2.4,541.1,886.2
1976,1,3.0,704.5,877.5
1977,149,2.1,1059.4,885.8
1978,164,2.4,1201.9,884.2
1979,262,2.1,970.5,889.3
1980,2,2.0,38.0,879.5
1981,10,1.9,71.0,880.5
1982,10,1.7,145.5,880.7
1983,26,2.6,111.3,883.2
1984,68,1.9,467.0,884.9
1985,206,87.8,781.4,888.0
1986,18,3.3,799.2,883.3
1987,29,3.5,617.9,884.5
1988,119,2.6,1138.9,887.3
1989,79,2.2,126.0,885.9
1990,87,2.1,600.2,889.5
1991,88,2.2,722.4,887.5
1992,31,3.8,762.4,886.0
1993,25,1.8,491.2,885.3
1994,86,2.9,649.3,888.8
1995,189,2.1,888.5,892.7
1996,83,2.2,955.9,890.8
1997,109,2.1,226.6,890.0
1998,192,51.9,629.2,891.7
1999,2,2.0,947.5,885.0
2000,251,2.8,240.4,894.3
2001,86,2.2,870.7,889.7
2002,126,2.3,28.5,891.9
2003,239,118.9,257.2,896.4
2004,291,2.1,364.1,897.4
2005,152,3.2,745.9,896.8
2006,86,6.8,830.2,891.8
2007,110,2.6,1116.0,892.3
2008,211,2.2,558.2,896.7
2009,79,4.7,818.7,893.1
2010,2,2.0,57.0,888.5
2011,105,3.5,85.3,892.6
2012,133,1.9,420.8,894.2
2013,22,2.6,612.0,890.4
2014,4,5.8,800.0,889.0
2015,91,4.5,109.4,894.9
2016,104,1.9,409.5,895.3
2017,172,2.2,1041.4,896.6
2018,192,1.9,198.2,898.7
2019,240,2.1,392.7,901.8
2020,53,1.9,508.3,894.4
2021,27,5.1,760.1,893.8
2022,3,2.3,66.2,891.8
2023,105,2.4,9.4,899.5
2024,162,4.4,1165.1,900.6
2025,138,1.9,295.1,902.1
2026,77,2.3,695.8,898.9
2027,198,2.1,1012.9,901.7
2028,243,2.0,164.6,903.3
2029,109,2.1,495.1,902.5
2030,179,2.3,673.6,904.2
2031,83,2.3,706.8,902.0
2032,85,2.2,607.2,900.5
2033,79,2.5,661.8,903.1
2034,88,66.8,797.5,902.5
2035,98,2.3,126.7,902.0
2036,122,1.9,345.6,902.6
2037,102,2.9,540.9,904.4
2038,108,9.0,1145.5,904.5
2039,227,1.8,318.5,909.0
2040,24,2.1,507.0,902.3
2041,30,2.9,827.4,903.1
2042,90,2.4,1191.7,903.8
2043,180,2.2,1227.0,907.7
2044,5,2.6,835.5,903.1
2045,139,2.2,887.9,907.0
2046,47,18.3,65.4,906.6
2047,96,237.3,101.4,908.8
2048,96,2.2,857.3,908.9
2049,156,2.1,986.9,911.0
2050,116,4.0,1181.9,911.4
2051,67,4.2,29.7,910.6
2052,15,3.1,729.3,908.9
2053,26,84.7,757.3,907.9
2054,173,3.2,1091.5,911.5
2055,76,3.0,1389.6,910.6
2056,95,7.0,115.9,911.9
2057,161,2.1,141.8,911.7
2058,183,2.6,698.7,916.0
2059,6,2.7,582.5,908.0
2060,116,2.1,956.3,913.4
2061,261,13.3,1120.7,917.1
2062,34,3.7,1359.2,909.7
2063,184,2.2,357.4,914.9
2064,74,4.1,45.6,916.1
2065,33,2.3,131.2,913.8
2066,98,2.2,520.9,916.1
2067,72,2.6,585.0,914.6
2068,2,3.0,647.5,911.0
2069,106,2.8,1420.4,919.5
2070,46,2.4,601.0,915.1
2071,34,2.7,625.9,914.1
2072,31,2.9,813.5,915.0
2073,44,24.2,20.6,917.8
2074,108,2.0,207.0,918.2
2075,78,5.1,785.2,916.4
2076,15,2.0,940.4,915.8
2077,260,2.0,499.7,922.1
2078,71,27.1,546.0,918.7
2079,76,3.0,81.0,919.3
2080,17,2.9,634.2,916.0
2081,17,2.5,607.9,917.6
2082,84,17.6,108.3,921.7
2083,82,2.4,846.9,923.1
2084,93,2.5,867.2,922.3
2085,86,2.2,832.8,925.2
2086,158,2.1,1011.4,923.7
2087,70,2.5,658.5,924.1
2088,84,2.9,775.2,924.8
2089,5,2.2,936.1,920.3
2090,204,2.1,1042.8,925.7
2091,99,2.0,188.6,924.8
2092,39,3.2,255.1,923.6
2093,30,2.4,615.0,924.7
2094,29,2.2,621.4,924.8
2095,5,66.0,30.1,925.3
2096,80,2.6,601.0,929.1
2097,45,3.3,669.5,929.6
2098,55,72.9,1357.9,928.5
2099,22,75.6,1366.5,927.6
2100,1,40.0,561.5,926.5
2101,32,2.2,254.8,930.5
2102,43,2.7,660.8,930.9
2103,3,1.7,327.5,930.5
2104,5,1.8,314.9,933.7
